{
 "clear": "dynaudnorm=f=200",
 "bassboost": "bass=g=15,dynaudnorm=f=200",
 "8D": "apulsator=hz=0.08",
 "vaporwave": "aresample=48000,asetrate=48000*0.8",
 "nightcore": "aresample=48000,asetrate=48000*1.25",
 "phaser": "aphaser=in_gain=0.4",
 "tremolo": "tremolo",
 "vibrato": "vibrato=f=7.5",
 "reverse": "areverse",
 "treble": "treble=g=5",
 "normalizer": "dynaudnorm=f=200",
 "surrounding": "surround",
 "pulsator": "apulsator=hz=1",
 "subboost": "asubboost",
 "karaoke": "stereotools=mlev=0.03",
 "flanger": "flanger",
 "gate": "agate",
 "haas": "haas",
 "mcompand": "mcompand",
 "double": "atempo=1.5",
 "half": "atempo=0.5",
 "cursed": "vibrato=f=6.5,tremolo,aresample=48000,asetrate=48000*1.25",
 "rickroll": "bass=g=33,apulsator=hz=0.06,vibrato=f=2.5,tremolo,asetrate=48000*0.8",
 "purebass": "bass=g=20,dynaudnorm=f=200,asubboost,apulsator=hz=0.08",
 "3D": "apulsator=hz=0.125",
 "earwax": "earwax",
 "mono": "pan=mono|c0=.5*c0+.5*c1",
 "echo": "aecho=0.8:0.9:1000:0.3",
 "sofalizer": "sofalizer",
 "aphaser": "aphaser",
 "apulsator": "apulsator",
 "asetrate": "asetrate",
 "speed": "atempo=2",
 "superspeed": "atempo=3",
 "slow": "atempo=0.8",
 "superslow": "atempo=0.5",
 "deesser": "deesser=i=1",
 "earrape": "bass=g=50",
 "lightbass": "bass=g=8,dynaudnorm=f=200",
 "heavybass": "bass=g=20,dynaudnorm=f=200"
}